"id","category_id","sku","name","url","long_desc","date_created","last_updated","unlimited"
1,9,"S101","Adidas Adilette Cloudfoam Slides","Adidas Adilette Cloudfoam Slides","Adidas Adilette Cloudfoam Slides",2024-04-13,2024-04-13,0
2,9,"S102","Adidas Adilette Comfort Slides","Adidas Adilette Comfort Slides","Adidas Adilette Comfort Slides",2024-04-13,2024-04-13,0
3,7,"S103","Adidas Adizero Adios 5 Running","Adidas Adizero Adios 5 Running","Adidas Adizero Adios 5 Running",2024-04-13,2024-04-13,0
4,7,"S104","Adidas Adizero Boston 9 Running","Adidas Adizero Boston 9 Running","Adidas Adizero Boston 9 Running",2024-04-13,2024-04-13,0
5,1,"S105","Adidas Harden Stepback Basketball","Adidas Harden Stepback Basketball","Adidas Harden Stepback Basketball",2024-04-13,2024-04-13,0
6,2,"S106","Adidas NMD_R1 Casual","Adidas NMD_R1 Casual","Adidas NMD_R1 Casual",2024-04-13,2024-04-13,0
7,6,"S107","Adidas NMD_R1 Lifestyle","Adidas NMD_R1 Lifestyle","Adidas NMD_R1 Lifestyle",2024-04-13,2024-04-13,0
8,7,"S108","Adidas NMD_R1 Running","Adidas NMD_R1 Running","Adidas NMD_R1 Running",2024-04-13,2024-04-13,0
9,2,"S109","Adidas Stan Smith Casual","Adidas Stan Smith Casual","Adidas Stan Smith Casual",2024-04-13,2024-04-13,0
10,2,"S110","Adidas Superstar Casual","Adidas Superstar Casual","Adidas Superstar Casual",2024-04-13,2024-04-13,0
11,7,"S111","Adidas Ultra Boost 21 Running","Adidas Ultra Boost 21 Running","Adidas Ultra Boost 21 Running",2024-04-13,2024-04-13,0
12,7,"S112","Adidas Ultraboost 4.0 Running","Adidas Ultraboost 4.0 Running","Adidas Ultraboost 4.0 Running",2024-04-13,2024-04-13,0
13,7,"S113","Adidas Ultraboost 5.0 DNA Running","Adidas Ultraboost 5.0 DNA Running","Adidas Ultraboost 5.0 DNA Running",2024-04-13,2024-04-13,0
14,7,"S114","Adidas Ultraboost 6.0 Running","Adidas Ultraboost 6.0 Running","Adidas Ultraboost 6.0 Running",2024-04-13,2024-04-13,0
15,7,"S115","Adidas Ultraboost DNA Running","Adidas Ultraboost DNA Running","Adidas Ultraboost DNA Running",2024-04-13,2024-04-13,0
16,6,"S116","Adidas Yeezy Boost 350 Lifestyle","Adidas Yeezy Boost 350 Lifestyle","Adidas Yeezy Boost 350 Lifestyle",2024-04-13,2024-04-13,0
17,5,"S117","Adidas Yeezy Boost 350 V2 Fashion","Adidas Yeezy Boost 350 V2 Fashion","Adidas Yeezy Boost 350 V2 Fashion",2024-04-13,2024-04-13,0
18,7,"S118","Asics GT-1000 9 Running","Asics GT-1000 9 Running","Asics GT-1000 9 Running",2024-04-13,2024-04-13,0
19,7,"S119","Asics GT-2000 10 Running","Asics GT-2000 10 Running","Asics GT-2000 10 Running",2024-04-13,2024-04-13,0
20,7,"S120","Asics GT-2000 9 Running","Asics GT-2000 9 Running","Asics GT-2000 9 Running",2024-04-13,2024-04-13,0
21,7,"S121","Asics Gel-Cumulus 23 Running","Asics Gel-Cumulus 23 Running","Asics Gel-Cumulus 23 Running",2024-04-13,2024-04-13,0
22,7,"S122","Asics Gel-Excite 8 Running","Asics Gel-Excite 8 Running","Asics Gel-Excite 8 Running",2024-04-13,2024-04-13,0
23,7,"S123","Asics Gel-Kahana 8 Running","Asics Gel-Kahana 8 Running","Asics Gel-Kahana 8 Running",2024-04-13,2024-04-13,0
24,7,"S124","Asics Gel-Kayano 27 Running","Asics Gel-Kayano 27 Running","Asics Gel-Kayano 27 Running",2024-04-13,2024-04-13,0
25,7,"S125","Asics Gel-Kayano 28 Lite-Show Running","Asics Gel-Kayano 28 Lite-Show Running","Asics Gel-Kayano 28 Lite-Show Running",2024-04-13,2024-04-13,0
26,7,"S126","Asics Gel-Kayano 28 Running","Asics Gel-Kayano 28 Running","Asics Gel-Kayano 28 Running",2024-04-13,2024-04-13,0
27,7,"S127","Asics Gel-Kinsei OG Running","Asics Gel-Kinsei OG Running","Asics Gel-Kinsei OG Running",2024-04-13,2024-04-13,0
28,2,"S128","Asics Gel-Lyte III NS Casual","Asics Gel-Lyte III NS Casual","Asics Gel-Lyte III NS Casual",2024-04-13,2024-04-13,0
29,7,"S129","Asics Gel-Nimbus 23 Running","Asics Gel-Nimbus 23 Running","Asics Gel-Nimbus 23 Running",2024-04-13,2024-04-13,0
30,7,"S130","Asics Gel-Quantum 180 5 Running","Asics Gel-Quantum 180 5 Running","Asics Gel-Quantum 180 5 Running",2024-04-13,2024-04-13,0
31,7,"S131","Asics Gel-Quantum 180 6 Running","Asics Gel-Quantum 180 6 Running","Asics Gel-Quantum 180 6 Running",2024-04-13,2024-04-13,0
32,7,"S132","Asics Gel-Quantum 180 Running","Asics Gel-Quantum 180 Running","Asics Gel-Quantum 180 Running",2024-04-13,2024-04-13,0
33,7,"S133","Asics Gel-Quantum 360 6 Running","Asics Gel-Quantum 360 6 Running","Asics Gel-Quantum 360 6 Running",2024-04-13,2024-04-13,0
34,7,"S134","Asics Gel-Quantum 360 Running","Asics Gel-Quantum 360 Running","Asics Gel-Quantum 360 Running",2024-04-13,2024-04-13,0
35,7,"S135","Asics Gel-Quantum 90 3 Running","Asics Gel-Quantum 90 3 Running","Asics Gel-Quantum 90 3 Running",2024-04-13,2024-04-13,0
36,10,"S136","Asics Gel-Venture 8 Trail","Asics Gel-Venture 8 Trail","Asics Gel-Venture 8 Trail",2024-04-13,2024-04-13,0
37,2,"S137","Converse All Star Hi Casual","Converse All Star Hi Casual","Converse All Star Hi Casual",2024-04-13,2024-04-13,0
38,2,"S138","Converse Chuck 70 Casual","Converse Chuck 70 Casual","Converse Chuck 70 Casual",2024-04-13,2024-04-13,0
39,2,"S139","Converse Chuck 70 High Casual","Converse Chuck 70 High Casual","Converse Chuck 70 High Casual",2024-04-13,2024-04-13,0
40,2,"S140","Converse Chuck Taylor Casual","Converse Chuck Taylor Casual","Converse Chuck Taylor Casual",2024-04-13,2024-04-13,0
41,2,"S141","Converse Jack Purcell Casual","Converse Jack Purcell Casual","Converse Jack Purcell Casual",2024-04-13,2024-04-13,0
42,2,"S142","Converse Jack Purcell Low Casual","Converse Jack Purcell Low Casual","Converse Jack Purcell Low Casual",2024-04-13,2024-04-13,0
43,8,"S143","Converse One Star Skate","Converse One Star Skate","Converse One Star Skate",2024-04-13,2024-04-13,0
44,2,"S144","Converse Pro Leather Casual","Converse Pro Leather Casual","Converse Pro Leather Casual",2024-04-13,2024-04-13,0
45,2,"S145","Converse Run Star Hike Casual","Converse Run Star Hike Casual","Converse Run Star Hike Casual",2024-04-13,2024-04-13,0
46,2,"S146","Fila D-Formation Casual","Fila D-Formation Casual","Fila D-Formation Casual",2024-04-13,2024-04-13,0
47,5,"S147","Fila D-Formation Fashion","Fila D-Formation Fashion","Fila D-Formation Fashion",2024-04-13,2024-04-13,0
48,5,"S148","Fila Disruptor II Fashion","Fila Disruptor II Fashion","Fila Disruptor II Fashion",2024-04-13,2024-04-13,0
49,5,"S149","Fila F-13 Fashion","Fila F-13 Fashion","Fila F-13 Fashion",2024-04-13,2024-04-13,0
50,12,"S150","Fila Memory Fresh 2 Walking","Fila Memory Fresh 2 Walking","Fila Memory Fresh 2 Walking",2024-04-13,2024-04-13,0
51,2,"S151","Fila Mindblower Casual","Fila Mindblower Casual","Fila Mindblower Casual",2024-04-13,2024-04-13,0
52,5,"S152","Fila Mindblower Fashion","Fila Mindblower Fashion","Fila Mindblower Fashion",2024-04-13,2024-04-13,0
53,2,"S153","Fila Original Fitness Casual","Fila Original Fitness Casual","Fila Original Fitness Casual",2024-04-13,2024-04-13,0
54,5,"S154","Fila Original Fitness Fashion","Fila Original Fitness Fashion","Fila Original Fitness Fashion",2024-04-13,2024-04-13,0
55,5,"S155","Fila Ray Tracer Fashion","Fila Ray Tracer Fashion","Fila Ray Tracer Fashion",2024-04-13,2024-04-13,0
56,1,"S156","Fila Spaghetti Basketball","Fila Spaghetti Basketball","Fila Spaghetti Basketball",2024-04-13,2024-04-13,0
57,5,"S157","Fila Spaghetti Fashion","Fila Spaghetti Fashion","Fila Spaghetti Fashion",2024-04-13,2024-04-13,0
58,2,"S158","Fila T1 Mid Casual","Fila T1 Mid Casual","Fila T1 Mid Casual",2024-04-13,2024-04-13,0
59,5,"S159","Fila Trailblazer Fashion","Fila Trailblazer Fashion","Fila Trailblazer Fashion",2024-04-13,2024-04-13,0
60,5,"S160","Fila Venom Fashion","Fila Venom Fashion","Fila Venom Fashion",2024-04-13,2024-04-13,0
61,2,"S161","New Balance 327 Casual","New Balance 327 Casual","New Balance 327 Casual",2024-04-13,2024-04-13,0
62,6,"S162","New Balance 327 Lifestyle","New Balance 327 Lifestyle","New Balance 327 Lifestyle",2024-04-13,2024-04-13,0
63,2,"S163","New Balance 574 Casual","New Balance 574 Casual","New Balance 574 Casual",2024-04-13,2024-04-13,0
64,2,"S164","New Balance 574 Classic Casual","New Balance 574 Classic Casual","New Balance 574 Classic Casual",2024-04-13,2024-04-13,0
65,7,"S165","New Balance 990v4 Running","New Balance 990v4 Running","New Balance 990v4 Running",2024-04-13,2024-04-13,0
66,7,"S166","New Balance 990v5 Running","New Balance 990v5 Running","New Balance 990v5 Running",2024-04-13,2024-04-13,0
67,7,"S167","New Balance Fresh Foam 1080v11 Running","New Balance Fresh Foam 1080v11 Running","New Balance Fresh Foam 1080v11 Running",2024-04-13,2024-04-13,0
68,7,"S168","New Balance Fresh Foam Beacon V3 Running","New Balance Fresh Foam Beacon V3 Running","New Balance Fresh Foam Beacon V3 Running",2024-04-13,2024-04-13,0
69,7,"S169","New Balance Fresh Foam Beacon v3 Running","New Balance Fresh Foam Beacon v3 Running","New Balance Fresh Foam Beacon v3 Running",2024-04-13,2024-04-13,0
70,10,"S170","New Balance Fresh Foam Hierro v6 Trail","New Balance Fresh Foam Hierro v6 Trail","New Balance Fresh Foam Hierro v6 Trail",2024-04-13,2024-04-13,0
71,7,"S171","New Balance Fresh Foam More Running","New Balance Fresh Foam More Running","New Balance Fresh Foam More Running",2024-04-13,2024-04-13,0
72,7,"S172","New Balance Fresh Foam More v2 Running","New Balance Fresh Foam More v2 Running","New Balance Fresh Foam More v2 Running",2024-04-13,2024-04-13,0
73,7,"S173","New Balance Fresh Foam More v3 Running","New Balance Fresh Foam More v3 Running","New Balance Fresh Foam More v3 Running",2024-04-13,2024-04-13,0
74,7,"S174","New Balance Fresh Foam Roav Running","New Balance Fresh Foam Roav Running","New Balance Fresh Foam Roav Running",2024-04-13,2024-04-13,0
75,7,"S175","New Balance FuelCell Echo Running","New Balance FuelCell Echo Running","New Balance FuelCell Echo Running",2024-04-13,2024-04-13,0
76,7,"S176","New Balance FuelCell Propel V3 Running","New Balance FuelCell Propel V3 Running","New Balance FuelCell Propel V3 Running",2024-04-13,2024-04-13,0
77,7,"S177","New Balance FuelCell Propel v2 Running","New Balance FuelCell Propel v2 Running","New Balance FuelCell Propel v2 Running",2024-04-13,2024-04-13,0
78,7,"S178","New Balance FuelCell Rebel v2 Running","New Balance FuelCell Rebel v2 Running","New Balance FuelCell Rebel v2 Running",2024-04-13,2024-04-13,0
79,1,"S179","Nike Air Force 1 '07 Basketball","Nike Air Force 1 '07 Basketball","Nike Air Force 1 '07 Basketball",2024-04-13,2024-04-13,0
80,1,"S180","Nike Air Force 1 Basketball","Nike Air Force 1 Basketball","Nike Air Force 1 Basketball",2024-04-13,2024-04-13,0
81,2,"S181","Nike Air Force 1 Casual","Nike Air Force 1 Casual","Nike Air Force 1 Casual",2024-04-13,2024-04-13,0
82,1,"S182","Nike Air Jordan 1 Basketball","Nike Air Jordan 1 Basketball","Nike Air Jordan 1 Basketball",2024-04-13,2024-04-13,0
83,7,"S183","Nike Air Max 2090 Running","Nike Air Max 2090 Running","Nike Air Max 2090 Running",2024-04-13,2024-04-13,0
84,7,"S184","Nike Air Max 270 Running","Nike Air Max 270 Running","Nike Air Max 270 Running",2024-04-13,2024-04-13,0
85,6,"S185","Nike Air Max 90 Lifestyle","Nike Air Max 90 Lifestyle","Nike Air Max 90 Lifestyle",2024-04-13,2024-04-13,0
86,7,"S186","Nike Air Zoom Pegasus 38 Running","Nike Air Zoom Pegasus 38 Running","Nike Air Zoom Pegasus 38 Running",2024-04-13,2024-04-13,0
87,7,"S187","Nike Air Zoom Tempo NEXT% FlyEase Running","Nike Air Zoom Tempo NEXT% FlyEase Running","Nike Air Zoom Tempo NEXT% FlyEase Running",2024-04-13,2024-04-13,0
88,6,"S188","Nike Blazer Low Lifestyle","Nike Blazer Low Lifestyle","Nike Blazer Low Lifestyle",2024-04-13,2024-04-13,0
89,2,"S189","Nike Blazer Mid '77 Casual","Nike Blazer Mid '77 Casual","Nike Blazer Mid '77 Casual",2024-04-13,2024-04-13,0
90,7,"S190","Nike Flyknit Trainer Running","Nike Flyknit Trainer Running","Nike Flyknit Trainer Running",2024-04-13,2024-04-13,0
91,7,"S191","Nike Free RN 5.0 Running","Nike Free RN 5.0 Running","Nike Free RN 5.0 Running",2024-04-13,2024-04-13,0
92,7,"S192","Nike Free RN Flyknit Running","Nike Free RN Flyknit Running","Nike Free RN Flyknit Running",2024-04-13,2024-04-13,0
93,1,"S193","Nike KD13 Basketball","Nike KD13 Basketball","Nike KD13 Basketball",2024-04-13,2024-04-13,0
94,7,"S194","Nike React Infinity Run 2 Running","Nike React Infinity Run 2 Running","Nike React Infinity Run 2 Running",2024-04-13,2024-04-13,0
95,7,"S195","Nike React Infinity Run Flyknit 2 Running","Nike React Infinity Run Flyknit 2 Running","Nike React Infinity Run Flyknit 2 Running",2024-04-13,2024-04-13,0
96,7,"S196","Nike React Infinity Run Flyknit Running","Nike React Infinity Run Flyknit Running","Nike React Infinity Run Flyknit Running",2024-04-13,2024-04-13,0
97,7,"S197","Nike ZoomX Invincible Run Running","Nike ZoomX Invincible Run Running","Nike ZoomX Invincible Run Running",2024-04-13,2024-04-13,0
98,6,"S198","Puma Cali Sport Lifestyle","Puma Cali Sport Lifestyle","Puma Cali Sport Lifestyle",2024-04-13,2024-04-13,0
99,7,"S199","Puma Calibrate Runner Running","Puma Calibrate Runner Running","Puma Calibrate Runner Running",2024-04-13,2024-04-13,0
100,7,"S200","Puma Calibrate Running","Puma Calibrate Running","Puma Calibrate Running",2024-04-13,2024-04-13,0
101,1,"S201","Puma Clyde All Pro Basketball","Puma Clyde All Pro Basketball","Puma Clyde All Pro Basketball",2024-04-13,2024-04-13,0
102,1,"S202","Puma Clyde All-Pro Basketball","Puma Clyde All-Pro Basketball","Puma Clyde All-Pro Basketball",2024-04-13,2024-04-13,0
103,6,"S203","Puma Future Rider Lifestyle","Puma Future Rider Lifestyle","Puma Future Rider Lifestyle",2024-04-13,2024-04-13,0
104,6,"S204","Puma Future Rider Play Lifestyle","Puma Future Rider Play Lifestyle","Puma Future Rider Play Lifestyle",2024-04-13,2024-04-13,0
105,6,"S205","Puma RS-Fast Lifestyle","Puma RS-Fast Lifestyle","Puma RS-Fast Lifestyle",2024-04-13,2024-04-13,0
106,6,"S206","Puma RS-Fast Tech Lifestyle","Puma RS-Fast Tech Lifestyle","Puma RS-Fast Tech Lifestyle",2024-04-13,2024-04-13,0
107,6,"S207","Puma RS-X3 Puzzle Lifestyle","Puma RS-X3 Puzzle Lifestyle","Puma RS-X3 Puzzle Lifestyle",2024-04-13,2024-04-13,0
108,6,"S208","Puma RS-X³ Lifestyle","Puma RS-X³ Lifestyle","Puma RS-X³ Lifestyle",2024-04-13,2024-04-13,0
109,2,"S209","Puma Ralph Sampson Casual","Puma Ralph Sampson Casual","Puma Ralph Sampson Casual",2024-04-13,2024-04-13,0
110,2,"S210","Puma Suede Classic Casual","Puma Suede Classic Casual","Puma Suede Classic Casual",2024-04-13,2024-04-13,0
111,2,"S211","Puma Suede Classic+ Casual","Puma Suede Classic+ Casual","Puma Suede Classic+ Casual",2024-04-13,2024-04-13,0
112,2,"S212","Reebok Aztrek 96 Casual","Reebok Aztrek 96 Casual","Reebok Aztrek 96 Casual",2024-04-13,2024-04-13,0
113,2,"S213","Reebok Classic Leather Casual","Reebok Classic Leather Casual","Reebok Classic Leather Casual",2024-04-13,2024-04-13,0
114,2,"S214","Reebok Classic Leather Legacy Casual","Reebok Classic Leather Legacy Casual","Reebok Classic Leather Legacy Casual",2024-04-13,2024-04-13,0
115,2,"S215","Reebok Classic Nylon Casual","Reebok Classic Nylon Casual","Reebok Classic Nylon Casual",2024-04-13,2024-04-13,0
116,2,"S216","Reebok Club C 85 Casual","Reebok Club C 85 Casual","Reebok Club C 85 Casual",2024-04-13,2024-04-13,0
117,2,"S217","Reebok Club C 85 MU Casual","Reebok Club C 85 MU Casual","Reebok Club C 85 MU Casual",2024-04-13,2024-04-13,0
118,7,"S218","Reebok DMX Thrill Running","Reebok DMX Thrill Running","Reebok DMX Thrill Running",2024-04-13,2024-04-13,0
119,7,"S219","Reebok Floatride Energy 3 Running","Reebok Floatride Energy 3 Running","Reebok Floatride Energy 3 Running",2024-04-13,2024-04-13,0
120,7,"S220","Reebok Floatride Energy Running","Reebok Floatride Energy Running","Reebok Floatride Energy Running",2024-04-13,2024-04-13,0
121,3,"S221","Reebok Nano 9 Cross-training","Reebok Nano 9 Cross-training","Reebok Nano 9 Cross-training",2024-04-13,2024-04-13,0
122,4,"S222","Reebok Nano 9 Crossfit","Reebok Nano 9 Crossfit","Reebok Nano 9 Crossfit",2024-04-13,2024-04-13,0
123,11,"S223","Reebok Nano 9 Training","Reebok Nano 9 Training","Reebok Nano 9 Training",2024-04-13,2024-04-13,0
124,11,"S224","Reebok Nano X1 Adventure Training","Reebok Nano X1 Adventure Training","Reebok Nano X1 Adventure Training",2024-04-13,2024-04-13,0
125,4,"S225","Reebok Nano X1 Crossfit","Reebok Nano X1 Crossfit","Reebok Nano X1 Crossfit",2024-04-13,2024-04-13,0
126,11,"S226","Reebok Nano X1 Training","Reebok Nano X1 Training","Reebok Nano X1 Training",2024-04-13,2024-04-13,0
127,7,"S227","Reebok Zig Kinetica Horizon Running","Reebok Zig Kinetica Horizon Running","Reebok Zig Kinetica Horizon Running",2024-04-13,2024-04-13,0
128,7,"S228","Reebok Zig Kinetica II Running","Reebok Zig Kinetica II Running","Reebok Zig Kinetica II Running",2024-04-13,2024-04-13,0
129,7,"S229","Reebok Zig Kinetica Running","Reebok Zig Kinetica Running","Reebok Zig Kinetica Running",2024-04-13,2024-04-13,0
130,10,"S230","Reebok ZigWild Trail 7 Trail","Reebok ZigWild Trail 7 Trail","Reebok ZigWild Trail 7 Trail",2024-04-13,2024-04-13,0
131,12,"S231","Skechers Arch Fit Refine Walking","Skechers Arch Fit Refine Walking","Skechers Arch Fit Refine Walking",2024-04-13,2024-04-13,0
132,12,"S232","Skechers Arch Fit Walking","Skechers Arch Fit Walking","Skechers Arch Fit Walking",2024-04-13,2024-04-13,0
133,12,"S233","Skechers D'Lites Fresh Start Walking","Skechers D'Lites Fresh Start Walking","Skechers D'Lites Fresh Start Walking",2024-04-13,2024-04-13,0
134,12,"S234","Skechers D'Lites Walking","Skechers D'Lites Walking","Skechers D'Lites Walking",2024-04-13,2024-04-13,0
135,11,"S235","Skechers Dynamight 2.0 Training","Skechers Dynamight 2.0 Training","Skechers Dynamight 2.0 Training",2024-04-13,2024-04-13,0
136,12,"S236","Skechers Elite Flex Walking","Skechers Elite Flex Walking","Skechers Elite Flex Walking",2024-04-13,2024-04-13,0
137,7,"S237","Skechers Energy Burst Running","Skechers Energy Burst Running","Skechers Energy Burst Running",2024-04-13,2024-04-13,0
138,11,"S238","Skechers Equalizer 4.0 Training","Skechers Equalizer 4.0 Training","Skechers Equalizer 4.0 Training",2024-04-13,2024-04-13,0
139,12,"S239","Skechers Equalizer 4.0 Walking","Skechers Equalizer 4.0 Walking","Skechers Equalizer 4.0 Walking",2024-04-13,2024-04-13,0
140,7,"S240","Skechers GOrun Mojo 2.0 Running","Skechers GOrun Mojo 2.0 Running","Skechers GOrun Mojo 2.0 Running",2024-04-13,2024-04-13,0
141,7,"S241","Skechers Go Run Mojo Pep Running","Skechers Go Run Mojo Pep Running","Skechers Go Run Mojo Pep Running",2024-04-13,2024-04-13,0
142,7,"S242","Skechers Go Run Mojo Running","Skechers Go Run Mojo Running","Skechers Go Run Mojo Running",2024-04-13,2024-04-13,0
143,7,"S243","Skechers Go Run Razor 3 Running","Skechers Go Run Razor 3 Running","Skechers Go Run Razor 3 Running",2024-04-13,2024-04-13,0
144,12,"S244","Skechers Go Walk 5 Walking","Skechers Go Walk 5 Walking","Skechers Go Walk 5 Walking",2024-04-13,2024-04-13,0
145,12,"S245","Skechers Max Cushioning Elite Walking","Skechers Max Cushioning Elite Walking","Skechers Max Cushioning Elite Walking",2024-04-13,2024-04-13,0
146,7,"S246","Skechers Max Cushioning Premier Running","Skechers Max Cushioning Premier Running","Skechers Max Cushioning Premier Running",2024-04-13,2024-04-13,0
147,7,"S247","Skechers Max Cushioning Running","Skechers Max Cushioning Running","Skechers Max Cushioning Running",2024-04-13,2024-04-13,0
148,12,"S248","Skechers Max Cushioning Walking","Skechers Max Cushioning Walking","Skechers Max Cushioning Walking",2024-04-13,2024-04-13,0
149,12,"S249","Skechers Summits - Quick Getaway Walking","Skechers Summits - Quick Getaway Walking","Skechers Summits - Quick Getaway Walking",2024-04-13,2024-04-13,0
150,2,"S250","Skechers Uno Bold Move Casual","Skechers Uno Bold Move Casual","Skechers Uno Bold Move Casual",2024-04-13,2024-04-13,0
151,8,"S251","Vans Authentic Skate","Vans Authentic Skate","Vans Authentic Skate",2024-04-13,2024-04-13,0
152,8,"S252","Vans Era 95 DX Skate","Vans Era 95 DX Skate","Vans Era 95 DX Skate",2024-04-13,2024-04-13,0
153,8,"S253","Vans Era Skate","Vans Era Skate","Vans Era Skate",2024-04-13,2024-04-13,0
154,8,"S254","Vans Old Skool Skate","Vans Old Skool Skate","Vans Old Skool Skate",2024-04-13,2024-04-13,0
155,8,"S255","Vans SK8-Hi Skate","Vans SK8-Hi Skate","Vans SK8-Hi Skate",2024-04-13,2024-04-13,0
156,8,"S256","Vans Sk8-Hi Skate","Vans Sk8-Hi Skate","Vans Sk8-Hi Skate",2024-04-13,2024-04-13,0
157,2,"S257","Vans Slip-On Casual","Vans Slip-On Casual","Vans Slip-On Casual",2024-04-13,2024-04-13,0
158,8,"S258","Vans Slip-On Skate","Vans Slip-On Skate","Vans Slip-On Skate",2024-04-13,2024-04-13,0
